{
    "eval_loss": 1.32160484790802,
    "eval_accuracy": 0.599625,
    "eval_f1": 0.598067511607479,
    "eval_precision": 0.5901436354631006,
    "eval_recall": 0.6062070719918595,
    "eval_runtime": 35.5798,
    "eval_samples_per_second": 224.846,
    "eval_steps_per_second": 7.026,
    "epoch": 3.0,
    "confusion_matrix": [
        [
            2414,
            1655
        ],
        [
            1548,
            2383
        ]
    ]
}